customer_id,sales
SM-20320,25043.05
TC-20980,19052.218
RB-19360,15117.339
TA-21385,14595.62
AB-10105,14473.571
KL-16645,14175.229
SC-20095,14142.334
HL-15040,12873.297999999999
SE-20110,12209.438000000002
CC-12370,12129.072000000002
