customer_id,sales
SM-20320,50086.1
TC-20980,38104.436
RB-19360,30234.677999999996
TA-21385,29191.24
AB-10105,28947.142
KL-16645,28350.458
SC-20095,28284.668
HL-15040,25746.595999999998
SE-20110,24418.876
CC-12370,24258.144
